texto,categoria
Título da notícia,ODS
"Contra mudanças na demarcação de terras, indígenas bloqueiam quatro rodovias no Ceará",15
"30J: Com bloqueios de rodovias e barricadas, povos indígenas por todo país lutam por seus territórios (8)",15
"30J: Com bloqueios de rodovias e barricadas, povos indígenas por todo país lutam por seus territórios (7)",15
"30J: Com bloqueios de rodovias e barricadas, povos indígenas por todo país lutam por seus territórios (6)",15
"30J: Com bloqueios de rodovias e barricadas, povos indígenas por todo país lutam por seus territórios (5)",15
"30J: Com bloqueios de rodovias e barricadas, povos indígenas por todo país lutam por seus territórios (4)",15
"30J: Com bloqueios de rodovias e barricadas, povos indígenas por todo país lutam por seus territórios (3)",15
Vestígios de índios isolados são achados a menos de 4 km de aldeia no Acre e órgãos indigenistas ficam em alerta,3
Quilombo Kalunga é reconhecido pela ONU como primeiro território no Brasil conservado pela comunidade,11
Povo indígena xokleng reivindica terra na Floresta Nacional de São Francisco de Paula,15
"Em Santarém, indígenas denunciam desmatamento em território Munduruku para plantio de soja",15
PARAUAPEBAS: Primeira mulher eleita cacique Xikrin toma posse,5
"30J: Com bloqueios de rodovias e barricadas, povos indígenas por todo país lutam por seus territórios (2)",15
"30J: Com bloqueios de rodovias e barricadas, povos indígenas por todo país lutam por seus territórios (1)",15
"Em carta ao STF, artistas, juristas e acadêmicos manifestam-se contra marco temporal e pedem proteção a direitos indígenas (2)",15
Barcos transportam vacinas até aldeias indígenas isoladas no AM,3
Procurador da República visita Aldeia São Pedro para investigar assassinato de jovem liderança Tembé,11
Indígenas de aldeia na Zona Sul de SP mantêm distanciamento social após tomarem vacina contra a Covid-19,3
Pandemia faz indígenas Xavante passarem fome,1
Quase metade da população indígena no Xingu já foi vacinada contra covid-19,3
Indígenas Kadiwéu participam de oficina de produção de mudas nativas do Pantanal e Cerrado,11
Movimentos populares do interior e litoral de SP fazem ato contra invasões dos seus territórios,11
"Incentivado pelo 'senador da cueca', garimpo ilegal emporcalha cachoeiras em terra indígena de RR",11
"Missionários espalham medo da vacina contra Covid-19 em aldeias, dizem lideranças indígenas (2)",3
"Missionários espalham medo da vacina contra Covid-19 em aldeias, dizem lideranças indígenas",16
Audiência Pública reafirma direitos territoriais Guarani sobre tekoha em Paraty e denuncia desassistência (2),11
Audiência Pública reafirma direitos territoriais Guarani sobre tekoha em Paraty e denuncia desassistência,11
"Sem abastecimento, indígenas do Oeste do Paraná são obrigados a beber água de córrego",11
Os Yanomamis correm risco de extermínio,3
Entidades denunciam desmonte da proteção ambiental em Porto Alegre,11
"Após ataque de PM, Ministério Público, Polícia Federal e Funai são convocados para reunião na comunidade indígena Tabatinga, em Roraima (2)",14
"Após ataque de PM, Ministério Público, Polícia Federal e Funai são convocados para reunião na comunidade indígena Tabatinga, em Roraima",15
Indígenas Waimiri Atroari iniciam entrega de Plano Ambiental (2),9
Indígenas Waimiri Atroari iniciam entrega de Plano Ambiental,9
Entidade ambientalista gaúcha rejeita vaga no Conama e critica forma de escolha,11
Indígenas Juruna vivem em risco por megaempreendimentos na Amazônia,11
Orgulho e resistência: Quilombolas do Ceará lutam por titularidade de terras,10
Mais de 100 famílias que moram há 24 anos em assentamento podem ser despejadas,10
Moradores tentam barrar concessão de parque que abriga maior porção de Mata Atlântica do país (2),14
Moradores tentam barrar concessão de parque que abriga maior porção de Mata Atlântica do país,15
Atingidos por barragens alegam que juiz federal prejudica vítimas da tragédia de Mariana,10
Tupinambá e o grito ancestral pela defesa da Amazônia (2),14
Tupinambá e o grito ancestral pela defesa da Amazônia,14
Indígenas criam enfermaria de campanha para atender pacientes com Covid-19 em Manaus,3
Expedição vence negacionismo e vacina indígenas em aldeias transamazônicas,3
Latifundiários plantam soja dentro de terra indígena no Pará,11
Mãe e filho quebradores de coco morrem esmagados por palmeira derrubada por trator,12
"Peço até ajuda de garimpeiro, diz representante yanomami sobre surto no RR",3
Protesto contra a lei do garimpo acontece em Roraima,3
Conselho Indigenista denuncia lei sobre licenciamento ambiental do garimpo em RO,11
"Com a chegada da vacina, populações indígenas enfrentam desafios na pandemia",3
Reserva de Dourados enfrenta surto de covid-19,3
Incansáveis guardiãs da (ainda) maior reserva de araucárias do mundo,12
Cacica Juma Xipaya: Não adianta dar dinheiro à causa indígena e se eximir da responsabilidade climática,12
"“O Brasil é um país que mata seu povo à bala ou de fome”, diz militante quilombola na França",12
"As mulheres Munduruku estão envenenadas por mercúrio e temos provas’, denuncia líder indígena",3
Povos indígenas ocupam a COP 26 de forma inédita e reforçam que compromissos firmados precisam se transformar em ação (3)),12
Povos indígenas ocupam a COP 26 de forma inédita e reforçam que compromissos firmados precisam se transformar em ação (2),13
Povos indígenas ocupam a COP 26 de forma inédita e reforçam que compromissos firmados precisam se transformar em ação,12
"Jovem indígena surpreende Kátia Abreu com pedido contra 'PL da Boiada' , do qual ela é relatora, na COP26: 'Nada faremos contra a Amazônia'",12
"Representante dos Yanomami, David Kopenawa diz em Paris que já é tarde para conter mudanças climáticas (4)",12
"Representante dos Yanomami, David Kopenawa diz em Paris que já é tarde para conter mudanças climáticas (3)",12
"Representante dos Yanomami, David Kopenawa diz em Paris que já é tarde para conter mudanças climáticas (2)",12
"Representante dos Yanomami, David Kopenawa diz em Paris que já é tarde para conter mudanças climáticas",13
Indígenas fazem ofensiva com Biden para minar pacto climático com Bolsonaro,15
Seduc debate demandas da educação indígena com lideranças da etnia Tembé,4
AL aprova doação de terreno ocupado por indígenas para construção de indústrias em Caucaia,14
Irará – Quilombo Baixinha sofre com abastecimento d’água e pedir intervenção da CERB,6
Mostra garante transmissão de filmes em aldeias indígenas de MT,12
Carta Pública endereçada ao MPF solicita ampliação de sua estrutura para atendimento de casos de violação de direitos indígenas no AM,10
"Líder indígena brasileira participa de encontro com príncipe Charles, na COP26",13
"Com mais dois assassinatos, Cimi Norte I e equipe que atua com povos isolados caracterizam, em Nota, genocídio indígena em Roraima (2)",15
"Com mais dois assassinatos, Cimi Norte I e equipe que atua com povos isolados caracterizam, em Nota, genocídio indígena em Roraima",15
COP26: indígenas reivindicam recursos para ações de sustentabilidade,13
Manifestantes ocupam entrada da Samarco em Mariana para marcar 6 anos do desastre,14
MPF recebe carta denunciando desvio de bens em terra indígena no Amazonas,16
Organizações eclesiais e movimentos populares publicam manifesto por uma economia a serviço da justiça social e do cuidado da Casa Comum,1
MPF e PF apuram denúncia de assassinato de isolados na terra Yanomami,14
"Conheça Observatório dos Conflitos Ambientais criado por geraizeiros, indígenas e pesquisadores",2
"Indígenas Mbya Guarani denunciam incêndio criminoso na aldeia Pindó Mirim, no Rio Grande do Sul",15
"“Retomadas” em todo o país: indígenas ocupam suas terras ancestrais, ainda que sob ataque (9)",15
"“Retomadas” em todo o país: indígenas ocupam suas terras ancestrais, ainda que sob ataque (8)",15
"“Retomadas” em todo o país: indígenas ocupam suas terras ancestrais, ainda que sob ataque (7)",10
"“Retomadas” em todo o país: indígenas ocupam suas terras ancestrais, ainda que sob ataque (6)",4
"“Retomadas” em todo o país: indígenas ocupam suas terras ancestrais, ainda que sob ataque (5)",15
"“Retomadas” em todo o país: indígenas ocupam suas terras ancestrais, ainda que sob ataque (4))",15
"“Retomadas” em todo o país: indígenas ocupam suas terras ancestrais, ainda que sob ataque (3)",15
"“Retomadas” em todo o país: indígenas ocupam suas terras ancestrais, ainda que sob ataque (2)",10
"“Retomadas” em todo o país: indígenas ocupam suas terras ancestrais, ainda que sob ataque",15
Atingidos denunciam seis anos do crime da Samarco/Vale/BHP Billiton em Bento Rodrigues (MG),14
"Quem é Txai Suruí, indígena e única brasileira que discursou na COP26",13
Racismo ambiental é tema ausente na COP26,10
UOL Entrevista: Ailton Krenak fala sobre genocídio  indígena e desmatamento,10
Indígenas de MS realizam encontro para celebrar cultura e eleger miss e mister Paravá,13
Pistoleiros invadem Terra Indígena Itapuã no RS e ateiam fogo na Casa de Reza e em dois carros,15
Repúdio ao Discurso do Ministro do Meio Ambiente durante a COP-26,1
Quilombolas realizam ocupações contra ameaças da Suzano Celulose,12
"Morte, invasão e fome: o garimpo ilegal nas terras yanomamis",3
"Em evento, povos indígenas e tradicionais compartilham desafios do atual contexto",12
Lideranças quilombolas são homenageadas em encontro que debate regularização fundiária,5
"Resistência e Luta: Jovens indígenas realizam encontro para debater os desafios e perspectivas os povos, no Maranhão",5
Atual conjuntura política é tema de debate entre lideranças indígenas de Rondônia,15
Comunidades Quilombolas do Tocantins protocolam no MPF diretrizes de consulta aos quilombos do Jalapão,15
Quebradeiras de Coco Babaçu se reúnem em defesa da biodiversidade,15
PA: PM assassina professor do povo Tembé-Theneteraha dentro de Território Indígena,10
Campanha antivacina nas aldeias preocupa lideranças indígenas,3
"Indígenas vão à COP26 denunciar genocídio, descartado pela CPI da Covid-19",11
Estudantes indígenas e quilombolas mantêm mobilização permanente pelo direito à Educação,4
Criança Yanomami com malária e pneumonia morre sem atendimento,3
Comunidade Quilombola se reuniu por ocasião da data de conscientização negra,10
"Comunidade Quilombola e gestão municipal, juntos para discutir melhorias e o desenvolvimento para o Povoado Cruz",8
Indígenas protestam contra 'marco temporal' e interditam rodovias em Roraima,15
Mulheres indígenas dizem NÃO ao marco temporal,15
VÍDEO:indígenas fechamBR-470emprotesto pedindo demarcação de terras,15
"Indígenas bloqueiam a BR-316, no MA, em protesto contra projeto que modifica demarcação de terras",15
Indígenas bloqueiam parte da MA-014 em protesto contra o PL490,15
Indígenas voltam a bloquear a BR-386 em Iraí,15
Protesto em Porto Alegre critica projeto que altera demarcação de terras indígenas (2),15
Protesto em Porto Alegre critica projeto que altera demarcação de terras indígenas,15
Indígenas protestam em 3 regiões de SC contra projeto que dificulta demarcação de terras (2),15
Indígenas protestam em 3 regiões de SC contra projeto que dificulta demarcação de terras,15
Indígenas protestamcontra ‘marco temporal’ e bloqueiamViaExpressa Sul em Florianópolis,15
"Indígenas voltam a fechar rodovia em Joaquim Gomes, AL, em protesto contra projeto que dificulta demarcação de terras",15
Indígenas protestam em rodovia do litoral de SP contra projeto que dificulta demarcação de terras,15
"Durante visita a SC, Bolsonaro é recebido com protestos em todas as regiões do estado",3
Protesto indígena bloqueia trecho da BR-470emSC; assista,15
Indígenas fecham rodovia no AC e protestam contra projeto de lei que modifica demarcação de terras,15
"Manifestação contra Bolsonaro fecha Eixo Monumental, em Brasília",15
FORA MARCELO XAVIER DA FUNAI,15
"Com direitos em risco e demarcações paralisadas, povos indígenas pedem que STF julgue repercussão geral (2)",15
Cacica cria rede de ajuda a mulheres indígenas afetadas pela pandemia no RS,15
Povos indígenas temem perdas de território após possível encolhimento de reserva dos Tapebas,15
"Se tiver que derramar sangue, nós vamos derramar sangue, afirmam indígenas",15
Flecha de isolados é entregue ao MPF em denúncia sobre assassinatos em RR,8
Txai Suruí diz que foi intimidada por brasileiros na COP-26 após discurso: ‘Bem desconfortável’ ... Leia mais em https://www.cartacapital.com.br/politica/txai-surui-diz-que-foi-intimidada-por-brasileiros-na-cop-26-apos-discurso-bem-desconfortavel/. O conteúdo de CartaCapital está protegido pela legislação brasileira sobre direito autoral. Essa defesa é necessária para manter o jornalismo corajoso e transparente de CartaCapital vivo e acessível a todos,15
"Guarani Kaiowá denunciam ataques com bombas de efeito moral, incêndio e pulverização de agrotóxico nas retomadas Avae’te, em Dourados",15
Rodovia bloqueada por indígenas é liberada no Rio Grande do Sul,12
Registro participa do Dia de Jornada de Lutas contra preço da luz,7
#Chapada: Quilombolas de Piatã celebram Dia da Consciência Negra e afirmam que continuam “luta pela soberania e autonomia do território”,10
"Em carta ao STF, artistas, juristas e acadêmicos manifestam-se contra marco temporal e pedem proteção a direitos indígenas",15
As mulheres indígenas de Aracruz contra o PL que tenta roubar suas terras,15
Nota de solidariedade aos povos indígenas do Brasil,15
Mulheres indígenas lançam álbum de carimbó para abrir espaço de luta,15
Assentados do PA Caracol I e II em Formoso do Araguaia vivem momentos de aflição e incertezas,15
"Povo Guarani Kaiowa lança carta ao povo brasileiro: ""Se atacarem um de nós, todos nos levantaremos!""",15
"Povo Guarani Kaiowa lança carta ao povo brasileiro: ""Se atacarem um de nós, todos nos levantaremos!"" (2)",15
"Povos indígenas lutam contra o massacre físico e cultural, diz liderança dos pataxós",15
Lideranças indígenas do Amazonas pedem apoio à Aleam contra o Projeto de Lei 490,15
Guaranis ocupam o Pico do Jaraguá em pressão ao STF,15
Indígenas feridos em protesto na frente da Câmara apontam truculência da PM,15
Sociedade Civil repudia violência contra indígenas em Brasília,11
Moradores do Quilombo protestam por reabertura da UBS fechada no governo passado,3
"Com nota de repúdio e campanha, movimento contra Estrada do Colono ganha força",11
"Em Manaus, indígenas alegam que PL490 representa 'genocídio’",15
Sonia Guajajara denuncia repressão policial contra manifestação pacífica de indígenas,15
"Garimpeiros armados invadem terra indígena em RR, agridem e atiram crianças em rio",15
Programa de Melhoramento genético do rebanho é desenvolvido em RR,12
Indígenas voltam a denunciar invasão de grileiros na fronteira do Acre com o Peru e pedem providências,15
Indígenas começam hoje o Levante Pela Democracia,15
Defesa dos povos indígenas é pauta de evento realizado pela Escola de Magistratura,15
"Povos indígenas voltam à capital para reivindicar a retomada do julgamento do Recurso Extraordinário, no STF",10
"Norteado pela poética dos povos da floresta, Amazônia Mapping ocupa centro histórico de Belém",10
Txai Suruí e Almir Suruí participam do Roda Viva,15
"Indígenas Krikati do Maranhão criam ""guarda florestal"" contra madeireiros e criadores de gado",13
"No Dia Internacional dos Direitos Humanos, organizações indígenas e indigenistas se reuniram, em ato público, em defesa da vida Yanomami",16
Indígenas devem retomar protesto com paralisação hoje na  ERS 324 em Ronda Alta,16
Indígenas presos pela PM acusam policiais de atuarem como jagunços no Maranhão,11
Semana Chico Mendes vai debater crise climática em programação que começa nesta quarta; confira,13
"Sem a Casa de Passagem, mulheres Caingangues acampam no Palácio das Araucárias",16
Maranhão: Indígenas derrubam torre de transmissão de  energia em protesto,15
Coordenador regional da Funai é feito refém e agredido por indígenas em MT; vídeo,16
Comissão debate presença dos povos indígenas na formação da cultura brasileira,10
Live discute o “Marco Temporal: luta e resistência no território sul paraibano”,15
Lideranças indígenas buscam apoio da União Europeia contra invasão de garimpeiros (2),15
Lideranças indígenas buscam apoio da União Europeia contra invasão de garimpeiros,15
Povo terena inicia 14ª Assembleia com foco na participação política,3
Proposta de novo código da mineração em votação na Câmara transforma garimpeiro em microempreendedor,15
"Para mulheres indígenas, proteção dos seus territórios é uma pauta prioritária",5
Waimiri-Atroari pedem saída da Funai de negociações do Linhão de Tucuruí após abertura de inquérito na PF,7
Educação escolar quilombola ganha impulso com experiência no sertão de Pernambuco,4
Indígenas protestam em Brasília contra projeto que dificulta demarcação de terras,15
Suzano 'se desculpa' por invadir território quilombola com maquinário de corte,12
Mosaic reforça atuação em Sergipe em reunião com líder de povoado,15
Deputados e ambientalistas cobram resposta sobre desligamento de supercomputador do INPE,13
Kalungas reabrem visita a cachoeiras na Chapada dos Veadeiros este mês,11
Manifestantes indígenas fazem ato contra a demarcação de terras (2),15
Manifestantes indígenas fazem ato contra a demarcação de terras,15
Exigimos o fim da agenda anti-indígena no Congresso!,15
Segunda Nota de Esclarecimento- Invasões Territórios Quilombolas do Sapê do Norte,15
Lideranças reúnem-se com presidente da Câmara e pedem arquivamento de projetos anti-indígenas,15
S.O.S Yanomami: líderes relatam a política de extermínio que está destruindo o território indígena,3
Ana do Gás participa do Encontro de Mulheres Indígenas,5
Indígenas pedem no STF acesso a processo de remoção de garimpeirosinvasores de territórios,15
Dom Mário Antônio da Silva denuncia “a omissão e negligência das autoridades” frente ao garimpo ilegal na TI Yanomami,15
Indígenas Yanomami improvisam acampamento e pedem esmolas em avenida de Boa Vista,11
Ambientalistas protestam e pedem preservação e tombamento da Serra do Curral,14
Chuva na Bahia: aldeias indígenas do povo Pataxó ficam isoladas e registram alagamentos; lideranças pedem ajuda,1
"‘Índios não estão em Manaus por vontade, é uma necessidade’, diz líder indígena",10
Ação pretende plantar 3 mil mudas nativas às margens de córrego em Dourados,15
Primeiro encontro de turismo indígena do Rio Negro será realizado em São Gabriel da Cachoeira (AM),15
Comissão promove debate sobre segurança e proteção à mulher indígena,5
"Coiab realiza encontro e conclama a sociedade, em Carta Pública, para a defesa dos povos isolados (2)",10
"Coiab realiza encontro e conclama a sociedade, em Carta Pública, para a defesa dos povos isolados",10
Garimpeiros participam de audiência para discutir a legalização da atividade em Rondônia,14
Nota do Cimi: autorização do governo para garimpo em áreas preservadas é temerária e coloca povos indígenas em risco,15
Indígenas denunciam avanço do narcotráfico por ação de grileiros,15
Moradores de comunidade  quilombola fazem 'vaquinha' para reconstruir escola,4
Escola que atende comunidades quilombolas em São Domingos do Prata deve ser fechada neste ano,4
Rede Solidária de Mulheres realiza 1o Seminário de auto-organização,5
MAB cobra garantia de direitos na realocação de atingidos pela barragem Lomba do Sabão (2),10
MAB cobra garantia de direitos na realocação de atingidos pela barragem Lomba do Sabão,10
Mais uma aldeia indígena obtém indenização por danos do crime da Samarco/Vale-BHP,15
Pelo fim dos ataques criminosos aos povos indígenas!,10
"Líder indígena e quilombola fazem palestras no canal TVIAB no YouTube, na próxima segunda-feira",10
ONG pede que STF decida a favor de medidas para conter ameaças a povo indígena isolado do MT,3
"Indígenas Kayapó ocupam sede da Funai em Colíder, cidade do Mato Grosso",15
Lideranças indígenas de Roraima pedem socorro a deputados,16
Seminários Cidade e cidadania indígena II: experiências de crianças indígenas em múltiplos espaços,4
Lideranças Shawãdawa divulgam carta de denúncia contra membros do próprio povo,10
Frente Parlamentar Indígena visita Centro Maturuca na Terra Indígena Raposa Serra do Sol e recebe denúncias de violação de direitos indígenas,10
Cimi Regional Mato Grosso reafirma compromisso com povos indígenas em documento final da sua 47ª assembleia (2),15
Cimi Regional Mato Grosso reafirma compromisso com povos indígenas em documento final da sua 47ª assembleia,15
"Patrimônio de Minas, terreiro em Santa Luzia pede ajuda para obras urgentes",15
Organização Yanomami desmente embaixada brasileira em carta a deputado que denunciou garimpo,15
"“A situação do povo Nawa merece uma atenção especial”, alerta liderança Ashaninka Francisco Piyãko",15
#24J: Manifestações contra Bolsonaro acontecem em mais de 500 cidades e reúnem 600 mil pessoas,3
Quilombolas lutam pela Terra. GMB depõe sobre COVID-19,15
Brasileiros pelo mundo pedem condenação de Bolsonaro por genocídio,3
Dividir para conquistar: Bolsonaro estimula disputa interna de indígenas em prol do agronegócio,15
Inclusão do artesanato indígena no e-commerce é pauta de reunião entre Adetuc e representantes de Aldeia,12
"Ambientalista, políticos e ONGs se mostram contrários aPL 490/2007",15
Campanha arrecada mais de 40 toneladas de alimentos para indígenas afetados por enchentes e pandemia no Acre,2
MNI: Basta de Privatização da saúde indígena!,3
"SC: Em luta, quilombo celebra formatura",4
Nota de repúdio aos ataques sofridos pelo povo Mbya Guarani de SP,15
AgroFloresta doa produção de alimentos ao Projeto Vida Nova,12
Desmatamento e terras indígenas ampliam denúncia contra Bolsonaro em Haia,15
"A chuva acabou com o pouco que a gente tinha, diz indígena na Bahia",15
"Indígenas relatam fome, falta d’água e destruição após chuvas na Bahia",15
Agentes indígenas usam drones e IA para combater o desmatamento na Amazônia,15
Artigo | COP26 foi decidida para os mais ricos: os indígenas não foram escutados,15
Museu Afro Brasil lança campanha de combate à fome nas periferias,12
"1º Festival da Mangaba é realizado no P.A. Piracema, em Marianópolis",12
"Em MG, indígenas são expulsos de restaurante após dono mandar eles se vestirem",15
"Quilombo de Pinhões, em Santa Luzia, perde ícone do artesanato mineiro",15
Mulheres indígenas do Ceará criam projeto literário de inclusão,15
Tempestade destrói comunidades quilombolas no norte baiano,15
VÍDEO: Casa de reza indígena é incendiada com crianças e idosos dentro em Douradina,15
"Após denúncias de irregularidades, tumulto na eleição da Tapajoara paralisa o processo eleitoral da entidade",15
Valdonês é eleito Cacique da Reserva Indígena do Guarita,15
Líderes indígenas e comunidades tradicionais elaboram carta pela preservação da Amazônia e legado de Chico Mendes (2),5
Líderes indígenas e comunidades tradicionais elaboram carta pela preservação da Amazônia e legado de Chico Mendes,5
“Vou ter que dormir na rua de novo?” Omissão da FAS prorroga drama de indígenas em Curitiba,15
"Familiares e amigos de indígena morto em assalto fazem protesto por Justiça, em Manaus",15
CONTAG e CPT propõem ao STF Ação Direta de Inconstitucionalidade sobre a destinação de terras públicas da União,15
Lideranças indígenas visitam santuário em Juazeiro para pagar promessa a Padre Cícero,15
Debate na Câmara propõe criação de políticas para garantia dos direitos de menores indígenas,5
Lideranças indígenas pedem que MPF tome providências para barrar arrendamento em seus territórios (2),15
Lideranças indígenas pedem que MPF tome providências para barrar arrendamento em seus territórios,15
Comissão debate papel dos povos indígenas na formação da cultura brasileira,15
Comissão debate resultados do Subsistema de Atenção à Saúde Indígena na Bahia,3
Juventude indígena do rio Negro denuncia descaso com educação,15
"Juventude indígena debate, em Rondônia, questões ambientais",15
Indígenas se unem ao Coped e denunciam Greca e presidente da FAS à Polícia Federal,15
Índios derrubam nova torre de energia na Reserva Cana Brava no MA,15
"""O território faz parte da nossa sobrevivência"" , expõe ativista indígena",15
"Em carta, indígenas pedem ao presidente do STF que retome julgamento do marco temporal (2)",15
"Em carta, indígenas pedem ao presidente do STF que retome julgamento do marco temporal",15
"Povo Munduruku da aldeia Takuara, no Pará, lança protocolo de Consulta Prévia, Livre e Informada",15
Indígenas Pataxó acusam latifundiário por tentativa de atropelamento no sul da Bahia,14
Cimi denuncia assassinato de índios em conflito agrário no RS   ,10
Lideranças indígenas mostram sua potência compartilhando vivências no Path Amazônia,3
Cimi apresenta relatório sobre violências sofridas pelos povos indígenas em 2020,10
Podcast indígena para não indígenas,16
Ribeirinhos de Sena Madureira reclamam de multas pesadas do ICMbio e pedem ajuda a deputado,14
MT: Justiça condena estado a custear manutenção em estrada que liga aldeia indígena à BR-174,1
MA: Quilombolas repelem invasão de pistoleiros,10
Indígenas fazem ofensiva na ONU para desmentir Bolsonaro e denunciar crimes... - Veja mais em https://noticias.uol.com.br/colunas/jamil-chade/2021/09/27/indigenas-fazem-ofensiva-na-onu-para-desmentir-bolsonaro-e-denunciar-crimes,1
"A retomada de território transcende os espaços delimitados pelo branco e os ideais de aldeia criados por ele. A noção de cacique, entre outras, é revista por essas famílias, que se propõem a novas formas de organização e liderança.",12
Caminhada marca protestos contra estação de esgoto na Lagoa do Abaeté,6
Atingidos fazem ato e se reúnem com MP eAssembleia para cobrar mais participaçãoem discussões sobre Mariana e Brumadinho,10
"Em Rondônia, lideranças indígenas posicionam-se contra lei que reduziu unidades de conservação e impacta seus territórios",15
"Em Rondônia, lideranças indígenas posicionam-se contra lei que reduziu unidades de conservação e impacta seus territórios (1)",15
"“A finalidade é desapropriar e tomar as nossas terras”, afirma indígena sobre PL 490",15
Comunidade quilombola lança campanha pela preservação de Rio Tatuoca em Pernambuco,14
Negociação entre coletores de castanha e órgãos federais e estaduais garante desbloqueio da PA-254,12
"Desmatamento, grilagem e greenwashing da Ferrogrão",15
Máscaras de lote vencido em 2004 são entregues a profissionais da saúde indígenas,3
Entidades judaicas divulgam manifesto contra o genocídio dos indígenas no Brasil,15
Série documental celebra o Dia Mundial de Proteção aos Manguezais,14
Cimi Regional Sul realiza 46ª Assembleia e reafirma compromisso com a luta junto aos povos indígenas,15
"""Desrespeito aos direitos indígenas ameaça futuro do Brasil""",15
Comunidade Truká inaugura Escola Indígena no Alto do Gavião com celebração e muita alegria,4
Projeto do povo Ashaninka coleta mais de 550 quilos de sementes para reflorestar cerca de 57 hectares no Acre,11
Pandemia agrava economia em Unidades de Conservação da BR-319,12
"Em carta, 56 ONGs cobram que MPF retome força-tarefa na Amazônia",15
Ambientalistas vão ao MP contra obra em casa no Joá,13
A primeira NFT deartistas indígenas,15
Procuradores pressionam Câmaraarejeitar projeto que mira direitos dos indígenas,15
"Cientistas denunciam genocídio indígena, enquanto devastação na Amazônia é a maior em 10 anos",10
Estudo mostra realidade das ações de produtividade nas comunidades quilombolas do Amapá,12
"'Vamos defender a terra como quem defende sua mãe, com nossas vidas' (2)",15
"'Vamos defender a terra como quem defende sua mãe, com nossas vidas'",15
Motoristas acusam indígenas de bloquear rodovia em Uiramutã (2),15
Motoristas acusam indígenas de bloquear rodovia em Uiramutã,15
Entidades denunciam negligência do governo com indígenas na OIT,15
"Para Conselho Nacional dos Direitos Humanos, “PL da Grilagem ” pode estimular a violência no campo e premiar crimes",15
"Na ONU, Apib e Cimi denunciam medidas anti-indígenas e questionam governo brasileiro (2)",15
"Na ONU, Apib e Cimi denunciam medidas anti-indígenas e questionam governo brasileiro (1)",15
Denúncia de corte de árvores próximo ao Peset leva fiscalização a Itaipu,13
"“Queimaram nossas histórias de vida na luta, mas não queimaram nossas lutas na história ” , afirmam lideranças Xakriabá após incêndio (2)",4
"“Queimaram nossas histórias de vida na luta, mas não queimaram nossas lutas na história ” , afirmam lideranças Xakriabá após incêndio",15
"Povo Akroá Gamella denuncia cercamento de área dentro de seu território, no Maranhão (3)",15
"Estratégia de Bolsonaro contra direitos indígenas passa por ""dividir famílias"" , diz ativista (2)",15
"Estratégia de Bolsonaro contra direitos indígenas passa por ""dividir famílias"" , diz ativista",15
"“Retrocesso para os direitos humanos”, diz Joenia Wapichana sobre PL 490",15
"Em reunião com MPF, PF e Funai, lideranças da Raposa Serra do Sol denunciam violência policial na comunidade indígena Tabatinga",11
"Em defesa de seus direitos, povos indígenas no oeste da Bahia manifestam-se contra projetos anti-indígenas (3)",12
"Em defesa de seus direitos, povos indígenas no oeste da Bahia manifestam-se contra projetos anti-indígenas (2)",15
"Em defesa de seus direitos, povos indígenas no oeste da Bahia manifestam-se contra projetos anti-indígenas (1)",15
"Com uso da tecnologia, indígenas de SC driblam 'fake news' e medo de 'virar jacaré' para vacinar aldeias contra a Covid; VÍDEO",3
UMA CACICA DE OLHO NO SENADO,15
"Em carta, indígenas do Tocantins e Goiás manifestam solidariedade ao Levante Pela Terra, em Brasília (2)",15
"Em carta, indígenas do Tocantins e Goiás manifestam solidariedade ao Levante Pela Terra, em Brasília",15
Direção da Faculdade Intercultural Indígena publica nota de repúdio,15
Entidades acionam a ONU contra projeto que dificulta demarcação de terras indígenas no Brasil,15
Debate Super Sábado #251: As mudanças na demarcação das terras indígenas,15
"ABI vai ao STF contra o ""marco temporal"" para demarcação de terras indígenas",15
Geração Z indígena sonha com futuro e luta pela sobrevivência do seu povo,15
Extrativistas fazem bloqueio na PA-254 para reabertura da Floresta Estadual do Trombetas (2),15
"Moradores de Campo Grande denunciam que, apesar de interdição, obra avança dentro de parque",15
Moradores denunciam derrubada de mais de 70 árvores no Parque Orla de Piratininga,15
Nota de repúdio às declarações do coordenador da Funai no Vale do Javari,15
Líder indígena do Acre critica Fórum de Bioeconomia: ‘Usam recursos da Amazônia sem medir limites’,3
Comunidades em Pernambuco lutam por efetivação da Lei de Diretrizes da Educação Quilombola,4
Sonia Guajajara critica decisão de senadores de retirar acusação de genocídio indígena contra Bolsonaro,3
Líder quilombola marisqueira denuncia ameaças na Bahia,15
"Moradores do bairro de Mussurunga, em Salvador, voltam a protestar contra obra de desmatamento na região",13
Justiça determina paralisação de obra em Salvador onde moradores denunciam desmatamento; multa foi aplicada,13
PE: povo Tuxá abre financiamento coletivo para construção de biblioteca na comunidade,4
Indígenas retém caminhonete do Estado para cobrar reforma de escola com risco de desabamento em aldeia,4
"Indígenas voltam a protestar contra a Norte Energia em Altamira, no PA",15
Instituto Indígena do Tocantins repudia ação de madeireiros ilegais na Ilha do Bananal,15
Gigante do agronegócio ocupa e viola três cemitérios quilombolas e um indígena no Pará,15
População volta às ruas pela 3ª vez para pressionar por impeachment de Bolsonaro,15
"""Ou gente luta ou o tratoraço vai acabar com todos os direitos indígenas"" , diz militante",15
"Servidores do governo trocaram vacinas para indígenas por ouro, diz denúncia",15
"'Setor energético tem que ser propriedade do Estado' , diz Iury Paulino",7
Veja a lista com os nomes de quem assinou o 'superpedido' de impeachment de Bolsonaro,16
Terreno abandonado e cheio de lixo vira horta agroecológica em comunidade de Vitória (ES),2
CPI recebe dossiê da covid entre povos indígenas do Amazonas,15
Políticas públicas para os povos indígenas são discutidas em Audiência Pública,4
"Líder indígena do Acre alerta: “As mudanças do clima são um problema de todos, não apenas dos índios”",4
Documentário com rapper indígena alerta para o genocídio dos povos originários,4
Grupo de mulheres de Marãiwatsédé (MT) garantem a recuperação da floresta,1
"Ciclo de diálogos aborda em 3º encontro estudos e a formação de indígenas, quilombolas e povos tradicionais no semiárido",4
O Brasil de Bolsonaro e o extermínio dos povos indígenas,3
"Nova corrida do ouro ilegal leva 1,8 mil homens ao Rio Madeira, na Amazônia",14
Mineração de bauxita em MG: comunidades da Serra do Brigadeiro discutem projeto alternativo,12
Comunidades quilombolas pedem anulação do processo de concessão do Jalapão,16
Txai Suruí denuncia criação de gado em cima de cemitério indígena em Rondônia,15
"Após terem balsas incendiadas, garimpeiros fazem protesto em Novo Aripuanã",8
Indígenas contestam dados da Sesai e propõem criação de subdistrito,3
Cantora Djuena Tikuna fala sobre racismo entre os indígenas,4
Coletivo feminino de Mata Cavalo oferece cursos gratuitos sobre tradições quilombolas,4
"MPPA promove curso e oitiva de populações, movimentos negros e indígenas em Santarém",3
Cacique Raoni anuncia apoio a Lula: ‘Bolsonaro quer a extinção dos indígenas’,3
Jornal francês denuncia destruição do território indígena Piripkura no centro-oeste,3
"Alok, Vitão e Maria Gadú visitam acampamento indígena em Brasília",10
Indígenas decidem ficar acampados em Brasília até 2 de setembro,15
Ecologistas se manifestam em Londres em solidariedade  a indígenas do Brasil,13
Indígenas e quilombolas se manifestam contra o marco temporal em frente ao TRF4,15
Indígenas bloqueiam rodovias em  Caucaia contra mudanças na  demarcação de terras,15
Cerca de 200 indígenas fazem vigília no Pico do Jaraguá contra marco temporal para demarcação de terras,15
Ailton Krenak:  'Sociedade precisa parar de olhar o  mundo como um supermercado',15
"""Indígenas querem sua sustentabilidade"" , diz deputada Joenia Wapichana ao Programa Bem Viver",15
Indígenas levam caixão para o Palácio do Planalto,16
Indígenas fazem marcha em Brasília para reforçar luta contra 'marco temporal',15
Mais de 200 cestas básicas foram entregues às famílias indígenas de três comunidades,2
Comunidades impactadas defendem novo processo de concessão do turismo e só após regularização das terras quilombolas do Jalapão,11
Povos originários lutam para preservar vegetação; metade do território tomado pelo fogo,11
Aldeia questiona obra em território indígena em Ubatuba,11
Jambuaçu recebem apoio do Projeto Ação Quilombola,1
"Com alto consumo de bebidas alcoólicas entre jovens, indígenas cobram apoio da Câmara de Dourados",3
"Após protesto por doses, adolescentes indígenas conseguem 3 mil vacinas - CREDITO: CAMPO GRANDE NEWS",3
Estátua de Pedro Álvares Cabral é incendiada na zona sul do Rio,16
Mobilizações a favor e contra a demarcação de terras em favor dos índios no Norte do RS,15
Funai cria força-tarefa para verificar situação de indígenas nas ruas,3
BR-262 em Taunay é palco de  manifestação indígena contra o marco temporal,15
Pataxós reagem depois de terem imóveis destruídos por trator da prefeitura de Porto Seguro (BA),10
Semma participa de reunião da Mesa Quilombola em Óbidos,11
Comunidade Indígena Tuxá se prepara para lançar óleo de coco no mercado,1
Indígenas insistem na preservação de 80% da Amazônia na COP26,13
Conheça a Brigada Indígena que combate incêndios florestais em Minas,3
Indígenas interditam rodovia durante manifestação contra 'marco temporal' em RR,15
"Em Brasília, Túlio entrega à Funai dossiê sobre a situação dos povos indígenas em Pernambuco 2",10
"Em Brasília, Túlio entrega à Funai dossiê sobre a situação dos povos indígenas em Pernambuco",10
Líderes indígenas entregam carta com milhares de assinaturas ao STF e pedem que ministros rejeitem ' marco temporal',10
Indígenas do Vale do Ribeira fazem vigília de protesto contra leis que podem dificultar demarcação de terras,10
CMA debate na quarta ameaças aos direitos dos povos indígenas,15
14a Edição dos jogos urbanos indígenas acontece neste domingo,10
Indígenas vão à Câmara e mostram “gestão modelo” na reserva Raposa Serra do Sol,15
"Diante de violência contra Yanomami, deputada indígena  recorre à ONU",10
Extrativistas fazem bloqueio na PA-254 para reabertura da Floresta Estadual do Trombetas,15
"Celebração, estudo e análise estratégica marcam a XXXVIII Assembleia do Cimi Regional Leste.",15
Adetuc e líderes indígenas propõem ações para retomada dos roteiros de etnoturismo,15
"Celebração, estudo e análise estratégica marcam a XXXVIII Assembleia do Cimi Regional Leste",15
"Bolsonaro ataca indígenas em todas as frentes, denuncia Sonia Guajajara",15
Apresentador da Record chama ativista quilombola de ignorante,15
MPF entra com ação para reintegrar terras invadidas por fazendeiros aos quilombolas da Chapada dos Veadeiros,15
"Rumo aos 50 anos do Cimi, Regional Norte I aborda o histórico de sua atuação e a luta dos povos indígenas pela demarcação de suas terras",10
Violência contra mulheres indígenas é tema de audiência pública,5
A FARSA DA CRISE HÍDRICA NO SETOR ELÉTRICO,6
Povo Munduruku retoma autodemarcação da TI Sawré Muybu,15
"#LiveDoCimi celebrou “Memória, resistência e compromisso – a caminho dos 50 anos ” ; assista",15
"Indígenas da tribo Pataxó bloqueiam BR-101 em protesto contra PL 490, que altera demarcação de terras indígenas",16
"Após impedir servidores de deixar aldeia no Acre, indígenas liberam rio e negociam reunião com a Funai",15
EM BRASÍLIA: Mauro Nazif participa de reunião com indígenas e defende demarcação de terras,15
Governador Flávio Dino recebe líder indígena Sônia Guajajara e debate eixo indígena do Maranhão Verde,15
"Povo Akroá Gamella denuncia cercamento de área dentro de seu território, no Maranhão.",15
"Povo Akroá Gamella denuncia cercamento de área dentro de seu território, no Maranhão",15
Moradores de aldeia liberam rodovia após protesto por morte de indígena em MT,15
Indígena morre em acidente em MT e aldeia bloqueia rodovia em protesto,15
Quilombolas protestam contra projeto de rodovia que vai atravessar área de população tradicional na RMB,15
Maranhão: nota do MAB sobre a criminalização da luta,6
"Lideranças indígenas rejeitam projeto que desfigura TI São Marcos, em Roraima, durante audiência na Câmara dos Deputados",15
Indígenas protestam contra projeto que exclui Pacaraima da Terra São Marcos em RR,11
Indígenas exigem presença da Funai para liberar servidores impedidos de deixar aldeia no Acre,15
Indígenas bloqueiam trecho da BR-226 em protesto por morte de criança,16
Grupo protesta contra Bolsonaro no Centro de São Carlos,3
Moradores de Quilombo em manifestação na RJ 180 para recepcionar o prefeito,10
"Pelotas tem Feira Kilombola neste sábado, 17",2
Justiça dá 24 horas para que indígenas liberem estradas em Uiramutã (2),15
Justiça dá 24 horas para que indígenas liberem estradas em Uiramutã,15
Waimiri-Atroari anunciam retorno do controle de veículos em postos de fiscalização em RR e AM,3
Índios denunciam em dossiê avanço de madeireiros em terras indígenas no Acre,15
Mecias e Jhonatan comemoram decisão de indígenas por autorizarem o Linhão,15
"Deputada Aline atende índios na CAPADR e defende desenvolvimento, qualidade de vida e produção em terras indígenas no Brasil",15
Bolsonaro vai entregar tratores para índios no Mato Grosso,15
Ambientalistas 'premiam' Arthur Lira com o 'Motosserra de Ouro 2021',15
"Com ritual em Casa de Reza, indígenas de MS pedem proteção contra pandemia e violência",10
Indígena transexual se torna cacique de aldeia em MT: 'Corpo de homem e espírito de mulher',10
Povos indígenas denunciam ataques e retrocessos cometidos pelo governo Bolsonaro,10
Sustentabilidade e meio ambiente são temas de webinar gratuito; veja como participar,15
Indígenas se queixam de coceiras e falta de ar devido ao despejo de agrotóxicos em comunidade de RR,3
Feira de produtos indígenas valoriza a autodeterminação dos povos,10
"Manifesto das Mulheres Indígenas do Brasil contra a barbárie cometida à jovem Daiane Kaingang, de 14 anos",5
Organizações de mulheres indígenas denunciam feminicídio no Brasil,5
"Do campo, das florestas e das águas | Fórum reúne mulheres para debater políticas de sobrevivência para o futuro",5
Presidente da Funai reafirma defesa de teses ruralistas em audiência pública no DF,10
A “missão final” de Raoni para salvar a Amazônia,11
Povo Tembé diz que morte de jovem indígena no Pará foi execução e que Polícia 'encobriu' provas (3),15
Povo Tembé diz que morte de jovem indígena no Pará foi execução e que Polícia 'encobriu' provas (2),15
Povo Tembé diz que morte de jovem indígena no Pará foi execução e que Polícia 'encobriu' provas,15
Mineração em reservas opõe indígenas pró-Bolsonaro a outros povos da Amazônia,17
Prefeito e lideranças Tembé debatem a criação de Coordenadoria Indígena,3
Aldeia guarani Tekoa Pyau combate as trevas na zona norte de SP,7
Mulheres indígenas denunciam na Câmara violações contra seus territórios e seus corpos  ,10
Saberes dos povos indígenas: coletivo Fora da Asa inicia festival virtual,5
Mulheres guaranis e o direito às placentas,5
"‘As mulheres Munduruku estão envenenadas por mercúrio e temos provas’, denuncia líder indígena",3
Indígenas Yanomami protestam contra garimpo ilegal e cobram melhorias na saúde,10
Organizações indígenas do Acre publicam carta cobrando posicionamento dos parlamentares contra PL 490/2007,15
Plantio de palmeiras bocaiúvas homenageia doadores de campanha contra incêndios no Pantanal,3
"71% dos indígenas aldeados da Amazônia não foram vacinados contra Covid, indicam dados do governo",3
"Indígenas fecham trechos de rodovias em diversos pontos da Bahia, em protesto contra 'marco temporal'",10
Programa Bem Viver aborda propostas políticas a partir do tema Terra e Território,11
"Moradores denunciam condomínio de luxo por descarte irregular de lixo em Guarujá, SP",15
"Seminário faz memória ao massacre do Rio Abacaxis, que completa um ano sem justiça para indígenas e ribeirinhos",10
'A Câmara está se convertendo na casa dos grileiros e não do povo',13
PL da Grilagem é aprovada na Câmara,15
Espaço Ambiental: ambientalistas agem em prol do MAR SEM LIXO,3
"Festival a favor da causa indígena reúne debates e live com Gilberto Gil Leia mais em: https://www.opovo.com.br/vidaearte/2021/09/07/festival-a-favor-da-causa-indigena-reune-debates-e-live-com-gilberto-gil.html ©2022 Todos os direitos são reservados ao Portal O POVO, conforme a Lei nº 9.610/98. A publicação, redistribuição, transmissão e reescrita sem autorização prévia são proibidas",10
"Após morte do último índio Juma, lideranças associam Covid-19 com 'extermínio' de povos indígenas",15
Mulheres Indígenas de Aracruz irão a Brasília para marcha nacional,10
Líderes indígenas propõem nova meta para proteger a Amazônia do desmatamento,10
Indígenas e nativos do Rio Purus denunciam interferência de estrangeiros em áreas de proteção ambiental,13
Live do Cimi discutiu a defesa da Terra e o Bem Viver dos povos indígenas; assista,10
Projeto de rodovia em Belém traz impactos ambientais  e preocupação às comunidades afetadas,15
"Imprensa contribui para a destruição ao não olhar a realidade indígena, diz ativista",11
Festival indígena digital celebra a produção musical de 16 povos originários,10
"Tornar povos tradicionais ""invisíveis"" ajuda a tomar suas terras, diz antropóloga",11
Documentário mostra contribuição de feirantes e ribeirinhos para o desenvolvimento de Porto Velho,1
Indígenas recusam vacinas da covid a flechadas e exigem presença de missionário,3
Corregedoria da PM investiga assassinato de líder indígena no Pará,16
Jovem Kaingang é assassinada e tem corpo mutilado em reserva indígena no Noroeste do RS,5
"'Parem de matar': pede líder indígena ao falar sobre garota estuprada e jogada de penhasco, em MS",5
"Povos indígenas retomam território na Floresta Estadual Metropolitana, em Piraquara (PR)",15
Vozes que não calam: a luta do movimento indígena ontem e hoje,3
Deslizamento de aterro em Sarzedo será investigado pela Agência Nacional de Mineração,15
Indígenas: Jovens se destacam na rede social TikTok mostrando a sua cultura,10
Linhão de Tucuruí: Waimiri-Atroari pedem compensação de danos socioambientais,15
Indígenas cobram no TCU consulta prévia em projeto de concessão da Ferrogrão,11
"“Brasileiro odeia ser o que é, por isso rejeita indígenas”, diz Yaguarê Yamã",10
"Vítimas de violência crescente, mulheres indígenas se articulam contra o sexismo e o racismo",5
Território indígena em Porto Alegre na mira da iniciativa privada,15
Guaranis-Kaiowas do MS vão receber sementes crioulas produzidas no Rio Grande do Sul,2
"Sem máscara e de cocar, Bolsonaro promove aglomeração com indígenas pró- governo",15
II Seminário Povos Originários em Processo de Retomada acontece de modo online em agosto,10
Agosto Indígena conscientiza população com programação cultural sobre os índios na Capital,10
Assassinato de jovem kaingang encontrada nua gera revolta e medo em território indígena no RS (2),5
Assassinato de jovem kaingang encontrada nua gera revolta e medo em território indígena no RS,5
"Webinário, encontro virtual e exposição integram a programação do Agosto Indígena",10
Indígenas acusam governo de descumprir acordo em concessão de ferrovia,15
Projeto ambiental de R$ 500 milhões não sai do papel há dois anos,13
Investigação revela terras protegidas da Amazônia à venda no Facebook,15
Fundo Brasil e COIAB têm campanha para levar oxigênio e alimentos a povos indígenas,3
MANIFESTAÇÃO Serra da Moeda,15
Seminário lembra um ano do massacre no Rio Abacaxis no Amazonas,10
Indígenas capixabas se preparam para Acampamento Terra Livre,10
Líderes dos povos indígenas acusam Bolsonaro de genocídio em Haia,10
Projeto busca despertar em estudantes a consciência para a causa indígena,4
Organização Caianas recebe mudas para revitalização de nascentes em Miranda,2
Live organizada por Ufopa e Ioepa marcou lançamento de livro sobre processo de ocupação na  Amazônia (2),10
Live organizada por Ufopa e Ioepa marcou lançamento de livro sobre processo de ocupação na  Amazônia,10
Ação social entrega mais de mil cestas de alimentos a indígenas de Dourados,2
Estudantes quilombolas e indígenas protestam por acesso a universidade,4
Autores indígenas lançam livro sobre narrativas dos povos originários de MT (2),10
Conselho de saúde indígena relata em ofício mortes de crianças Yanomami com sintomas de Covid em Roraima,3
Autores indígenas lançam livro sobre narrativas dos povos originários de MT,4
Anitta alerta sobre extermínio dos povos indígenas: “Tragédia para o Brasil”,10
Indígena relata perdas culturais sofridas com a morte de anciões na pandemia: 'Nossa biblioteca',10
Museu de Tupã realiza programação online em comemoração ao Dia Internacional dos Povos Indígenas,10
Apib denuncia Bolsonaro ao Tribunal de Haia e aponta genocídio indígena,10
Somos floresta gente e somos gente floresta,10
Comunidades indígenas do Acre pedem socorro após cheia de rios destruir produção agrícola,2
Estudantes indígenas e quilombolas fazem 'aulão' simbólico em frente ao MEC e pedem mais políticas de permanência nas universidades,4
Indígenas de SP lutam há 5 anos para aprovar lei de preservação ambiental (2),11
Indígenas de SP lutam há 5 anos para aprovar lei de preservação ambiental,15
Veracel Celulose apoia o Festival da Resistência Indígena ARAGWAKSÃ Pataxó,10
"Em nota, organizações cobram justiça pelo massacre do Rio Abacaxis, impune há um ano",16
"Agosto Indígena na Mairí dos Povos começa nesta segunda-feira, 9",10
Ciclistas fazem campanha e arrecadam roupas para indígenas que perderam tudo após incêndio em aldeia,15
Agroecologia Contra a Fome: 4 toneladas de alimento e esperança para fortalecer o Povo Suruí Aikewara (PA),2
VÍDEO: indígenas fecham BR-470 em protesto pedindo demarcação de terras,14
"Indígenas interditam trecho da BR-415, no sul da Bahia, em mais um protesto contra mudanças na demarcação de terras",15
"Protesto contra o PL 490 interdita a Radial Oeste, na Zona Norte do Rio",15
Guaranis protestam contra projeto que dificulta demarcação de terras,15
Indígenas protestam pelo 2º dia seguido em rodovia do litoral de SP contra projeto de lei que dificulta demarcação de terra,15
Indígenas liberam cancelas de pedágio no Paraná em protesto contra projeto que altera demarcação de terras,15
Protesto: Índios fecham ponte em Feijó,15
Indígenas fecham ponte no AC em protesto contra 'marco temporal' e projeto que muda demarcação de terras,15
Indígenas bloqueiam rodovia em Chapecó em protesto contra Projeto de Lei,15
"Indígenas Krenak interditam a BR-259, em Resplendor, contra o PL 490",15
"Indígenas bloqueiam trecho da BR-222, em Caucaia, em protesto contra projeto de lei que modifica demarcação de terras",15
Manifestação fecha rodovia MS-156 por demarcação de terras indígenas,15
Indígenas fecham estrada em Minas em protesto contra votação do PL 490,15
Indígenas interditam rodovia no sul da Bahia em novo dia de protesto contra PL sobre demarcação de terras,15
Vídeos: Protesto de indígenas é realizado na BR-101 no Morro dos Cavalos,15
Grupo indígena protesta pelo segundo dia seguido no sul da Bahia e interdita trecho de rodovia,15
"Indígenas fecham de novo trecho da BR-101 em Joaquim Gomes, AL",15
Indígenas fazem protesto e interditam rodovia no interior de SP,15
VÍDEO: policiais e indígenas entram em confronto durante protesto em Brasília; há feridos.,15
VÍDEO: policiais e indígenas entram em confronto durante protesto em Brasília; há feridos,15
"Comunidade indígena, beneficiária das ações do Emater(PI),faz festival de galinha caipira",2
Garimpeiros atacam 3ª comunidade indígena (RR); já são 9 pedidos de socorro ignorados,15
Articulação defende retorno de povo indígena a terras ancestrais no Rio Grande do Sul,15
Movimento indígena realiza protesto em frente à sede da ANM contra mineração em territórios indígenas nesta quinta (17),12
Indígenas ocupam sede da Funai na BA em protesto contra PL que pretende modificar processo de demarcação de terras,15
Conheça a jovem indígena que vem usando o TikTok para mostrar e explicar  sua cultura,10
Pastorais Sociais do Campo lançam nota em denúncia aos Projetos de Lei da Morte,8
Indígenas que vendem artesanato durante o verão enfrentam falta de estrutura em abrigos de SC,16
Conselho Indígena diz que projeto do governo para liberar garimpo em RR 'legaliza destruição de florestas',14
Internautas fazem tuitaço contra projeto de lei sobre demarcação de terras indígenas,15
Marcha das Mulheres em Registro protesta contra descaso do governo na pandemia,15
Lideranças indígenas apresentam temas para debate em observatórios do CNJ,15
Governo discute ampliação do acesso à saúde para a população indígena,3
"De que lado você está, Amazônia ou Bolsonaro? Campanha indígena enquadra países e empresas",10
Infectados e mortos por Covid-19 disparam entre povos indígenas no Brasil,3
Veneno do agronegócio contamina aldeia indígena na região Oeste do Paraná,3
SC: Indígenas Kaingang e Guaranis ocupam terminal exigindo a construção de Casa de Passagem,1
"Com apoio da REPAM-Brasil, comunidades indígenas do Maranhão desenvolvem projetos de autosustentabilidade",2
Bolsonaro é retratado como criminoso de guerra em vídeo sobre Amazônia,10
Deputados de Roraima aprovam projeto que libera garimpo no estado,15
"Preocupados com avanço da Covid-19, líderes indígenas do sul da BA denunciam falta de máscaras e álcool em gel",3
Ouvidoria-Geral do Município de Belém recebe visita de indígenas,5
"Impedido de tomar posse, cacique eleito em Pernambuco usa escolta armada: “Injustiça”",16
Indígena vacinada em SC alerta para sobrevivência de seu povo em meio a pandemias,3
"Em Brasília, povos indígenas protestam em defesa de seus direitos durante abertura da Copa América",15
Entidades denunciam violação de direitos devido a mineração na Serra do Caraça,15
Povo Munduruku denuncia ataque contra ônibus que levava lideranças a Brasília,15
Moradores de Mussurunga protestam e denunciam desmatamento de área de Mata Atlântica em obra na região,11
Secretaria de Estado de Meio Ambiente capacita quilombolas do Baixo Amazonas para inscrição do CAR coletivo,1
Fórum discute educação superior para indígenas e quilombolas,4
Primavera Indígena: Mulheres indígenas ocupam Brasília para reflorestar mentes,3
"Com direitos em risco e demarcações paralisadas, povos indígenas pedem que STF julgue repercussão geral",15
Indígenas entram com ação na Justiça Federal para afastar presidente da Funai: 'Grande risco',13
"Carta em Defesa da Amazônia e da Mãe Terra, contra as Invasões do Capital, da Violência Bruta e dos Golpes “Verdes”",15
Audiência debate ameaças a povos indígenas no Brasil; acompanhe,15
"Apib divulga manifesto do Levante Pela Terra, mobilização que reúne centenas de indígenas em Brasília",15
"Vale pagará antecipado R$ 10,8 mi a índios atingidos pela barragem de Brumadinho",15
Movimento das Quebradeiras de Coco Babaçu lança campanha Babaçu Livre 2021,8
AM: Latifundiários invadem e devastam território do povo Apurinã,10
"“Sem os povos indígenas, tradicionais, quilombolas e ribeirinhos nenhum país evitará o aquecimento global”, alerta Angela Mendes na ONU",3
Cemea recebe alunos da Prefeitura para oficinas e exposição indígena,3
Maués (AM) tem I Copa Indígena Sateré-Mawé com ofertas de serviços médicos e documentos,3
"Indígenas não vão abrir mão de territórios se marco temporal passar, diz Sonia Guajajara",3
Quilombolas doam comida para favelas na luta contra a fome e a covid-19,1
Povos Indígenas denunciam governo brasileiro à ONU por paralisação de demarcações e descaso frente à pandemia,3
Movimento de Atingidos confirma denúncias sobre indenizações da Samarco,3
Indígenas Munduruku do Planalto apresentam plano de gestão e uso do território em Santarém,1
Quilombolas enviam manifesto ao STF contra plano nacional de enfrentamento à pandemia da Covid-19,3
"Cacique Bertinho, em nome da Comunidade Truká emite Nota de Esclarecimento sobre os fatos ocorridos em 24/04/21",10
Indígenas criam enfermaria para pacientes de covid-19 em assentamento no AM,3
Autodemarcação do Médio Solimões: Kokama e Ticuna da Terra Indígena Porto Praia de Baixo defendem seu território,15
Lideranças indígenas do rio Negro repudiam projeto da mineração,15
"Barrados pela polícia com bombas na entrada da Funai, indígenas pedem saída do presidente Marcelo Xavier",15
"Por medo de perder terras devido invasões, indígenas do povo Nawa fazem autodemarcação no AC",15
Povos indígenas realizam marcha até p STF nesta segunda-feira (14),15
Protestos contra Bolsonaro e a favor da vacina são registrados em todos os estados e no DF,15
"Sem dinheiro, índios de Rondônia iniciam ""vaquinha"" para custear despesas em Brasília",15
Resgate de mulher refém de isolados no AM leva a nova investida da Funai contra líderes indígenas,15
Movimentos Divulgam Manifesto anti-imperialista e protestam no Dia do Meio Ambiente,12
Brasileiros protestam contra Bolsonaro e Salles no Dia Mundial do Meio Ambiente,13
"Acampados, indígenas reivindicam demarcação de terras geridas pelo ICMBio no RS",15
Grupo protesta contra instalação de aterro sanitário no Centro de Viamão,14
Frente Parlamentar Indígena pede impeachment de Bolsonaro,3
Ministério da Saúde envia equipe à Terra Yanomami após relato de 10ª morte de criança por suspeita de Covid-19,3
"Em Campo Grande, Justiça Federal determina que Sesai cuide e vacine indígenas que vivem nas cidades (2)",3
"Em Campo Grande, Justiça Federal determina que Sesai cuide e vacine indígenas que vivem nas cidades",3
Indígena de 91 anos é a primeira a receber vacina contra Covid-19 em MS,3
"Com mais da metade dos indígenas fora da vacinação contra a Covid-19, entidades irão ao STF (4)",3
"Com mais da metade dos indígenas fora da vacinação contra a Covid-19, entidades irão ao STF (3)",3
"Com mais da metade dos indígenas fora da vacinação contra a Covid-19, entidades irão ao STF (2)",3
"Com mais da metade dos indígenas fora da vacinação contra a Covid-19, entidades irão ao STF",3
"STF julga caso da Terra Indígena Guyraroka, anulada com base no marco temporal e sem que comunidade fosse ouvida",11
Grupo pró-garimpo rouba associação de mulheres indígenas no Pará e MPF pede reforço urgente na segurança,13
Famosos e políticos fazem tuitaço pedindo saída de Salles do Ministério do Meio Ambiente,13
MPF alerta para ‘retrocessos’ e ‘quadro de violações’ na política indigenista,3
Covid-19: indígenas pedem vacinação ampla para não aldeados,3
Indígenas de Avaí fazem ato de apoio aos protestos contra exploração de terras para mineração,10
Povos realizam caminhada em Brasília nesta terça (20) por demarcação e contra mineração e agronegócio em suas terras,15
Indígenas Kiriri contam a história do seu povo e de como lidam com dois nomes,15
Lideranças indígenas protestam em Brasília contra Bolsonaro e por demarcação,15
"Garimpo indígena deveria ser legalizado, diz presidente da Sodiurr",15
"Mulheres indígenas sofrem violência doméstica, mas Lei Maria da Penha não consegue protegê-las",5
Indígenas cobram garantia de direitos e justiça por morte de liderança Tembé,15
Indígenas relatam o impacto da Covid-19 nas aldeias e desafios dos povos em meio à pandemia,4
"Indígenas tomam Esplanada dos Ministérios em protesto contra garimpo, por direitos e defendem Fora Bolsonaro!",3
"Em seminário do MPF, entidades debatem mineração em terras indígenas",12
Manifestação pedindo Justiça marca 1 ano da morte do indígena Ari Uru-Eu-Wau-Wau em Porto Velho,16
Covid agrava pobreza e índios já passam fome na mais populosa reserva do País,1
Violência doméstica e drogas são mazelas que só avançam em aldeia tradicional,3
"“O Brasil está triste”, diz líder espiritual dos kaiowas sobre pandemia",3
Atraso na chegada da vacina para Covid-19 preocupa zonas rurais e comunidades indígenas,3
"Prioridade em vacina, índios são alvos de ódio e chamados de ""peste""",10
"""Vacina é ato simbólico para amenizar genocídio""  , diz 1a indígena vacinada (2)",3
"""Vacina é ato simbólico para amenizar genocídio""  , diz 1a indígena vacinada (1)",3
Indígenas pedem linha direta com governo Biden em conversas sobre Amazônia,11
"Indígenas Guarani e Kaiowá foram espancados com socos, chutes e coronhadas",16
MG: ambientalistas fazem abaixo-assinado para suspender mineração na Serra do Curral,11
Cacique que acusou Bolsonaro em tribunal internacional ganha vitrine na Globo,3
"""Humanidade vive divórcio da vida na Terra"", diz Ailton Krenak",13
Maranhão e quebradeiras de coco marcam presença na Expointer 2021,3
"Viva Maria celebra o 21 de Janeiro, Dia Nacional de Combate à Intolerância Religiosa",10
Roda de conversa promove importância da ancestralidade,15
Indígenas sul-mato-grossenses tem curso de drones para gestão de território,4
Indígenas relatam falta de assistência médica durante a pandemia no AM,3
Foirn pede vacinação em massa de 90% dos indígenas de São Gabriel,3
Aprovação do PL 490 põe em risco comunidades indígenas no oeste do Paraná,15
"Nota de Repúdio sobre a Portaria da Funai que Nomeia Servidores Ligados ao Agronegócio para Coordenar o GT de Identificação e Delimitação da Terra Indígena Piripkura, ocupada por grupo indígena isolado, no Mato Grosso",15
"1º Encontro Cultural Xerente, adaptado ao novo normal, valoriza tradições e incentiva respeito aos povos originários",15
"Grupo indígena toma posse da Mata do Japonês, em São Joaquim de Bicas",15
Indígenas interditam trecho da BR-316 no Maranhão em protesto contra o PL 490,15
Indígenas de Aracruz protestam contra projeto que ameaça demarcação de terras,15
Indígenas fazem enterro simbólico de Bolsonaro em Brasília ,15
Povos indígenas protestam em Roraima contra o Marco Temporal,15
Indígenas bloqueiam Rodovia dos Bandeirantes em protesto contra projeto que muda demarcação de terras e nomeação de ministro ,15
Quebradeira de coco do Maranhão rompe barreiras e enfrenta gigante da celulose,5
Indígenas protestam contra o Marco temporal no ES,13
Artesãs indígenas do AM precisam de cestas básicas e ferramentas; ajude!,10
"Covid: para primeira indígena vacinada no Brasil, ciência vencerá ""política genocida""",3
Corrida ilegal por ouro e diamantes coloca em risco o povo Yanomami,15
"Abandonada nos últimos anos, Vila Olímpica Indígena de MS ganha mutirão de limpeza",4
Garimpeiros usam bombas de gás lacrimogênio para atacar indígenas Yanomami em RR,15
Indígenas ocupam teto do Congresso Nacional contra PL que visa acabar com demarcações,15
ARIPUANÃ : Prefeita Seluir Peixer participa de reunião com lideranças da comunidade dos Ribeirinhos,1
URGENTE: Prefeitura de Porto Seguro derruba casas de indígenas,3
"Contra 'marco temporal', indígenas liberam cancelas de praça de pedágio na BR-369, no Paraná",3
"Indígenas promovem ato no Largo do Batata, em SP, contra mudança em demarcação de terras que está em julgamento no STF",3
Profissão Repórter mostra histórias de povos indígenas que lutam pela demarcação de terras,3
Pescadores da Baía de Aratu fazem ato em defesa das águas e denunciam desmatamento de manguezal,14
MPF e mulheres Munduruku lançam campanha após ataque à sede de associação no Pará,15
"Rios, terras e alimentos contaminados: como vivem os afetados pelo garimpo ilegal",3
Garimpeiros atacam entidade de mulheres Munduruku no Pará (2),15
Garimpeiros atacam entidade de mulheres Munduruku no Pará,15
Invasão de garimpeiros armados leva tensão a terra indígena no Pará,15
"MPF aciona Funai, União e Ibama contra invasão de terras indígenas por garimpeiros",15
Povo indígena Tremembé denuncia ataques em área usada como barreira sanitária na pandemia,3
Mentiras do governo brasileiro ditas na ONU fortalecem as denúncias das organizações indígenas e indigenistas,15
Indígenas cobram do STF respeito a recomendação da Comissão Interamericana para retirar garimpeiros de terras indígenas,11
"Brasil já registra mais de mil mortes de indígenas por Covid-19, aponta entidade",3
Indígenas acionam MPRR sobre projeto de legalização do garimpo,3
Brumadinho: MAB questiona  auxílio pago pela Vale,6
Apib lança campanha para garantir vacinação contra Covid-19 para povos indígenas,3
Indígenas impedem invasão de grileiros na Terra Indígena Uru-Eu-Wau-Wau na Amazônia,15
"Em região sob tensão, mundurukus exigem que governo retire invasores (2)",15
"Em região sob tensão, mundurukus exigem que governo retire invasores",11
Senador do ‘dinheiro na cueca’ era dono de avião que circulava em garimpo ilegal na terra indígena Yanomami,15
Governo Bolsonaro atua para forjar apoio popular à mineração em terras indígenas,15
"Grupos armados invadem terras e torturam indígenas no Mato Grosso do Sul, denuncia Sônia Guajajara",16
Epidemia de fake news ameaça vacinação em terras indígenas,3
Garimpo ilegal dobra em um ano na reserva indígena Raposa Serra do Sol de RR (2),15
Justiça exige retirada de garimpeiros da terra Yanomami (2),15
Justiça exige retirada de garimpeiros da terra Yanomami,15
Indígenas também ocupam polo base da Sesai em Amambaí - CREDITO: CAMPO GRANDE NEWS,3
Pandemia impulsiona corrida do ouro no Pará e acirra conflitos,15
Voluntários fazem vigília após denúncias de desmatamento em área próxima à Mata Ciliar em Jundiaí,13
"Povo Pataxó aposta no isolamento, mas enfrenta perdas, privações e empobrecimento",3
PIBID História UFTM realiza debate com líder indígena Ailton Krenak,3
Funai dá aval para mineradora se reunir com indígenas em plena pandemia,15
PA: Mais um indígena Tembé é assassinado em menos de um mês,15
Povos indígenas sem terra demarcada e em contexto urbano do Maranhão denunciam seguir excluídos da vacinação prioritária,3
Justiça determina reintegração de posse de terra indígena ocupada ilegalmente em MT,11
Indígenas pedem ao STF retirada de invasores em sete terras na Amazônia  ,3
Justiça comunitária leva esperança às comunidades ribeirinhas de Porto Jofre,1
Coletiva Nísia Floresta promove campanha de arrecadação de alimentos para indígenas no RN,1
Articulação indígena recorre ao STF para frear ataque de garimpeiros contra Yanomamis,1
Atingidos ocupam mineradora ArcellorMittal para exigir reparação em Itatiaiuçu (MG),9
"Moradores denunciam corte ilegal de árvores no Bosque Betânia, em São José",15
"Encontro de lideranças indígenas no tekoha Pindó Poty, em Porto Alegre, discutiu movimento de luta e resistência dos Mbya Guaran",1
Movimento criado por Chico Mendes é retomado no Acre com 110 líderes Indígenas.,1
Túlio Gadêlha e Goura pedem ao STF para parar PL do licenciamento ambiental,3
"""Legaliza o que é ilegal e implementa exploração"", diz Conselho Indigenista Missionário sobre PL relatada por Geller",3
Pela defesa da diversidade e autonomia dos povos indígenas,15
Nota de Repúdio sobre a Instrução Normativa que libera a exploração dentro dos Territórios Indígenas,15
"Fórum Social Mundial começa hoje, com Lula e lideranças mundiais. Acompanhe",1
Brumadinho: MAB denuncia manobra jurídica que pode favorecer a Vale,10
Cacique Raoni protocola ação contra Bolsonaro no Tribunal Penal Internacional,10
Garimpo ilegal dobra em um ano na reserva indígena Raposa Serra do Sol de RR,11
Indígenas superam fake news e falta de estrutura por vacinação no Xingu,3
Campanha 'Vacina Parente' incentiva vacinação contra Covid em comunidades indígenas de RR,3
Monção-MA: Indígenas e assentados discutem saída pacífica para conflito,11
"Aldeia no Alto Xingu, no Mato Grosso, é exemplo de enfrentamento à pandemia 2",3
"Aldeia no Alto Xingu, no Mato Grosso, é exemplo de enfrentamento à pandemia",3
Terena de MS e outras lideranças femininas discutem sobre igualdade de gênero,5
Justiça determina reintegração de posse de terra indígena ocupada ilegalmente,15
Brasil não adere a projeto na ONU para reconhecer direito ao meio ambiente,11
Indígenas da Colômbia e do Brasil processam rede de supermercados Casino por desmatar Amazônia,8
Associação Apinajé cobra revogação de normativa que libera exploração econômica de terras indígenas,13
"'Direitos indígenas estão ameaçados, mas lideranças femininas estão fortes', diz diretora de instituto ambiental",3
Bancárias lutam contra pobreza menstrual em tribo indígena em São Paulo,1
Associação indígena pede ao STF saída imediata de garimpeiros de terra ianomâmi após confronto... - Veja mais em https://noticias.uol.com.br/ultimas-noticias/reuters/2021/05/11/associacao-indigena-pede-ao-stf-saida-imediata-de-garimpeiros-de-terra-ianomami-apos-confronto.htm?cmpid=copiaecola,14
Comunidade quilombola lança vaquinha para arrecadar fundos voltados à melhoria da pesca em Igarassu,1
Entidade vai ao STF contra escalada de conflitos em terra indígena invadida por garimpeiros no Pará,15
"Malária, verminose e desnutrição: indígenas de Roraima sofrem sem assistência",1
CIDH colhe relatos de povos e organizações indígenas para relatório sobre o direito à autodeterminação,3
MPF promove webinário para debater riscos da mineração em terras indígenas,10
Ambulâncias viram sucatas e indígenas denunciam omissão,3
Manifesto da Articulação dos Povos e Comunidades Tradicionais e Pastorais do Campo denuncia criminalização de lideranças e movimentos sociais,13
"Grupo se manifesta contra a mineração e em defesa da Serra do Rola Moça, na Grande BH",15
Construção de LT em terras indígenas gera ação do MPF contra Chesf e Coelba,15
"Ataque por prioridade em vacina é nova versão do ódio já enraizado, dizem índios",10
"Dois anos após crime de Brumadinho, Vale se recusa a pagar valor definido pelo Estado",16
"Brumadinho: Dois anos após crime, Vale se recusa a pagar indenizações",15
Entidades enviam carta a governador de RO pedindo veto do projeto que altera limites de reserva e parque estadual,13
"Às vésperas de cúpula do clima, governo Biden inicia diálogo com indígenas brasileiros",13
Indígenas lançam vídeo para Joe Biden contra acordo sobre Amazônia,13
"Denúncia: Chuva de Veneno na comunidade de Araça, município de Buriti (MA)",2
"'Contar mortes de parentes e pessoas próximas gera muita dor'  , diz líder indígena sobre app",3
"""Precisamos da ajuda do mundo"", diz cacique que denunciou Bolsonaro em Haia",10
Avaí terá Dia do Índio virtual,4
"Indígenas da etnia Xikrin pedem melhorias em casa de apoio em Parauapebas, no Pará",1
Jovens ativistas processam Brasil por 'manobra climática',12
MPF recomenda que todos os indígenas em Minas Gerais sejam incluídos no grupo prioritário da vacinação contra a covid-19 no estado,3
SES-AM discute revisão das doses da vacina para ribeirinhos,3
Associação ianomâmi alerta Saúde que garimpos têm trocado ouro por vacina,3
MPF cobra execução de sentença que ordenou demarcação da Terra Indígena Guanabara,15
Kalungas barram entrada de búfalos de fazendeiro em sítio histórico,12
Moradores de Brumadinho e ambientalistas tentam impedir na Justiça mineração na Serra do Rola Moça,14
Comunidades quilombolas de AL cobram inclusão no cronograma de vacinação contra a Covid-19,3
"Em audiência, povo Tupinambá de Olivença denuncia Funai por desvio de função constitucional",13
Devemos pressionar Biden a não negociar com o governo Bolsonaro?... - Veja mais em https://www.uol.coDevemos pressionar Biden a não negociar com o governo Bolsonaro?,13
Articulação dos Povos Indígenas recorre à Justiça para arquivar inquérito contra Sonia Guajajara,13
Exército leva serviços de saúde a comunidade indígena de Tabatinga (AM),3
"Indígenas excluídos do plano de vacinação são “duplamente violentados e penalizados”, afirmam povos do Maranhão",3
Saúde Indígena questiona estado de Rondônia sobre 'sumiço' de 8 mil doses da vacina contra Covid-19,10
Líderes indígenas denunciam Bolsonaro ao Tribunal de Haia por crimes contra a humanidade,10
Cobrança por técnicos de Enfermagem para aldeia leva a ‘invasão’ de prefeitura e presença da PM,3
Indígenas de aldeia em Paraty sofrem ataques e ameaças de morte em meio à luta por demarcação,15
AMBIENTALISTAS E SETORES DO AGRONEGÓCIO SE UNEM POR DERRUBADA DE VETO,15
Governo Bolsonaro tenta liberar agricultura em terra indígena (2),15
Governo Bolsonaro tenta liberar agricultura em terra indígena,15
"Dossiê liga Banco Mundial a violações ambientais na Amazônia...  Leia mais no texto original: (https://www.poder360.com.br/brasil/dossie-liga-banco-mundial-a-violacoes-ambientais-na-amazonia-dw/) © 2022 Todos os direitos são reservados ao Poder360, conforme a Lei nº 9.610/98. A publicação, redistribuição, transmissão e reescrita sem autorização prévia são proibidas.",15
"Se a nossa terra, a nossa floresta sumir, o que vai ser do meu povo?",15
"MA: Guardiões da floresta reafirmam defesa das terras indígenas, denunciam invasores e velho Estado em carta",15
"Movimento denuncia continuação de obra no Itapanhaú, em Bertioga",3
"Em SC, PT mobiliza contra a destruição de escola quilombola",4
Marco Vivo: povo Jenipapo-Kanindé celebra 21 anos de demarcação da terra,15
Indígenas lançam campanha por vacinação e contra fake news,3
Grileiros ameaçam vidas e territórios do povo Gamela no Piauí,15
Mais reconhecimento para os indígenas guardiões da floresta,15
Defensoria pede a Sesab prioridade em vacinação de comunidades quilombolas,3
"Em carta a gestores públicos, FAS faz recomendações para aumento da eficiência na imunização das populações tradicionais da Amazônia profunda",3
"Funai deve retomar demarcação de terras do Povo Gamela, no Piauí",15
"'Falas da Terra', do dia 19, reunirá o depoimento de 21 indígenas brasileiros",15
Quilombolas realizam mapeamento de ações e instituições que atuam com a agricultura quilombola,2
Sespa coordena ações de combate à malária em área indígena de Jacareacanga,3
Vitória Guarani Kaiowá: STF acolhe recurso e abre caminho para reverter decisão que anulou demarcação da TI Guyraroka,10
Região Ação conjunta para prevenção à covid-19 em Benjamin Constant do Sul,3
Terra indígena terá base para tentar frear o garimpo ilegal,3
"Grupo prioritário, comunidades ribeirinhas estão sem vacinação em MS",3
Famílias indígenas da Aldeia Maracanã temem  despejo em meio à pandemia,1
Articulação das Pastorais do Campo emite nota de pesar e indignação pela morte da liderança quilombola Fátima Barros,3
Apib inicia programação do Acampamento Terra Livre 2021,3
PF intima líder indígena por documentário que critica ação do governo na pandemia,10
CPI da Covid ouve indígenas sobre omissão de Bolsonaro na pandemia,3
Deputada Joenia se reúne com lideranças da Terra Indígena São Marcos,1
Mulheres indígenas e MPF pedem apoio para reconstrução de casas incendiadas por garimpeiros no Pará,3
"Indígenas Yanomami denunciam o surgimento de uma nova ""Serra Pelada"" na Amazonia",12
Governo federal é responsável direto pela violência contra o povo Munduruku,3
Indígenas e Cimi apontam crime e cobram regularização de aldeia incendiada em Guarulhos,10
Conheça a mobilização indígena Levante Pela Terra em Brasília,15
Protestos e homenagens às vítimas marcam 2 anos da tragédia em Brumadinho,15
MPF requer conclusão de demarcação do território do Quilombo de Cambuta,10
"Depois de pressão, quilombolas do Açude são vacinados contra a COVID-19",3
Live do Cimi debateu resistência indígena na cidade,10
Ecoa Maloca entra na 2ª temporada com saberes indígenas e divulgação científica,4
Liderança Indígena afirma que garimpeiro foi morto à flechada em conflito na Terra Yanomami em Roraima,15
Cidade mais indígena do país exige vacinação em massa contra Covid,3
RO: Mais de 8 mil doses de vacinas destinadas aos povos indígenas são desviadas,3
Mineração no Rola Moça: vizinhos a possível empreendimento listam impactos à qualidade de vida,6
Indígenas da Amazônia processam Grupo Casino na justiça francesa,13
Indígenas exigem direito à consulta prévia na fase do planejamento da Ferrogrão,15
"Covid-19 pode causar extinção do povo Juma na Amazônia, destaca Libération",15
Projeto promove formação audiovisual gratuita para povos indígenas em Pernambuco,4
"Na ONU, indígenas denunciam Bolsonaro por promover genocídio e extermínio",3
Conceição da Barra: ocupações podem sofrer despejo em fevereiro,10
MAB e moradores do Jardim Pantanal protestam contra enchentes recorrentes no bairro,6
Mobilização virtual pede transparência na vacinação no AM,3
Caciques brasileiros denunciam Bolsonaro por crimes ambientais,3
Lideranças indígenas de MS realizam protesto contra precariedade da saúde nas aldeias,3
Movimentos de esquerda marcam atos pró-impeachment de Bolsonaro em Salvador,2
Mineradora quer retomar atividades na Serra do Rola Moça que abriga parque estadual na Grande BH,15
Campanha busca reconstruir casas incendiadas em aldeia Munduruku,3
Yanomamis denunciam morte de nove crianças indígenas com suspeita de covid-19,3
Ambientalistas buscam parar obras da Loja Havan em Canoas,15
Organização vai ao STF para garantir vacinação de indígenas fora de aldeias,3
Justiça determina atendimento em saúde para indígenas de área urbana,3
Organizações distribuem 20 toneladas de alimentos no Pantanal e alertam para agravamento da pobreza,2
Comunidades indígenas de RR fecham portões e decretam toque de recolher para conter Covid-19,3
Invasões e ataques nos territórios indígenas escancaram avanço do garimpo ilegal,12
Lideranças negras denunciam perseguição policial em comunidades afrodescendentes,16
Cristãos fundamentalistas distribuem panfletos contra aborto em escolas públicas,16
Mobilização de trabalhadores rurais para rejeitar projeto de reforma agrária,16
Defensoras de direitos humanos critican abuso de autoridade em operação policial,16
Pescadores coletivos bloqueiam porto em protesto contra política governamental,16
Indígenas protestam contra desmatamento em reserva Guarani,16
Grupos religiosos reagem contra projeto de lei sobre aborto,16
Manifestantes puxam corda em frente ao Congresso Nacional em protesto contra política econômica,16
Lideranças de movimento LGBTQ+ criticam projeto de lei que reprime manifestações,16
Trabalhadores de saúde realizam mobilização em defesa do sistema público,16
Vítimas de violência policial denunciam falta de justiça no sistema,16
Famílias rurais protestam contra aumento de preços de alimentos,16
Lideranças femininas denunciam discriminação em mercado de trabalho,16
Cidade é palco de protestos contra política de desenvolvimento urbano,16
Membros de sindicatos de trabalhadores denunciam perseguição patronal,16
Famílias de vítimas de violência policial pedem justiça e reparação,16
Lideranças de movimento ambiental critican desrespeito a lei ambiental em obra de infraestrutura,16
Mobilização de professores em defesa da educação pública,16
Vítimas de violência doméstica denunciam falta de apoio da justiça,16
Indígenas realçam importância da preservação da floresta amazônica,16
Grupos eclesiásticos reagem contra projeto de lei sobre educação,16
Lideranças de movimento negro denunciam racismo estrutural,16
Trabalhadores portuários protestam contra projeto de lei que aumenta impostos,16
Pessoas com deficiência denunciam falta de acessibilidade em infraestrutura,16
Lideranças de movimento feminista criticam falta de representação política,16
Cidadãos protestam contra projeto de lei que restringe direitos individuais,16
Lideranças de movimento LGBTQ+ denunciam discriminação em campo de trabalho,16
Trabalhadores de transporte público realizam mobilização em defesa dos direitos,16
Vítimas de despejo denunciam falta de proteção da justiça,16
Lideranças de movimento ambiental critican uso de agrotóxicos em agricultura,16
Membros de sindicatos de trabalhadores denunciam perseguição sindical,16
Famílias de vítimas de violência policial pedem justiça e reparação,16
Lideranças de movimento negro denunciam racismo estrutural,16
Mobilização de universitários em defesa da democratização da educação,16
Grupos eclesiásticos reagem contra projeto de lei sobre aborto,16
Lideranças de movimento feminista criticam falta de representação política,16
Vítimas de violência doméstica denunciam falta de apoio da justiça,16
Lideranças de movimento LGBTQ+ denunciam discriminação em campo de trabalho,16
Trabalhadores de saúde realizam mobilização em defesa do sistema público,16
Pessoas com deficiência denunciam falta de acessibilidade em infraestrutura,16
Lideranças de movimento ambiental critican uso de agrotóxicos em agricultura,16
Membros de sindicatos de trabalhadores denunciam perseguição sindical,16
Famílias rurais protestam contra aumento de preços de alimentos,16
Lideranças femininas denunciam discriminação em mercado de trabalho,16
Cidade é palco de protestos contra política de desenvolvimento urbano,16
Mobilização de professores em defesa da educação pública,16
Vítimas de violência policial denunciam falta de justiça no sistema,16
Indígenas realçam importância da preservação da floresta amazônica,16
Lideranças de movimento negro denunciam racismo estrutural,16
Trabalhadores portuários protestam contra projeto de lei que aumenta impostos,16
Pescadores coletivos bloqueiam porto em protesto contra política governamental,16
Lideranças de movimento feminista criticam falta de representação política,16
Cristãos fundamentalistas distribuem panfletos contra aborto em escolas públicas,16
Mobilização de trabalhadores rurais para rejeitar projeto de reforma agrária,16
Defensoras de direitos humanos critican abuso de autoridade em operação policial,16
Grupos religiosos reagem contra projeto de lei sobre aborto,16
Manifestantes puxam corda em frente ao Congresso Nacional em protesto contra política econômica,16
Lideranças de movimento LGBTQ+ criticam projeto de lei que reprime manifestações,16
Trabalhadores de saúde realizam mobilização em defesa do sistema público,16
Câmara Municipal aprova lei para proteger direitos dos povos originários,4
Museu indígena inaugura exposição sobre a cultura dos guaranis,4
Festival de música indígena chega à cidade,4
UNESCO lança programa para preservar línguas indígenas brasileiras,4
Comunidade quilombola recebe investimentos para melhorar infraestrutura,4
Parque indígena em São Paulo é considerado patrimônio cultural,4
Indígenas participam da Copa do Mundo com equipe de futebol,4
Projeto de apoio a educação indígena recebe financiamento da Fundação,4
Cultura indígena é celebrada em festival de dança,4
Seminário aborda temas de saúde entre indígenas e não-indígenas,4
Família indígena participa de reality show,4
Xingu Live: festival de música e dança indígena chega à capital,4
Câmara Federal aprova projeto de lei para proteger territórios indígenas,4
Fórum discute segurança pública na região indígena,4
Projeto de apoio a cultura indígena recebe prêmio internacional,4
Indígena é eleito vereador em município,4
Comunidade indígena inaugura centro de saúde,4
Mídia indígena é tema de seminário,4
Festival de cinema indígena chega à cidade,4
Cultura indígena é celebrada em festival de artes visuais,4
Parceiro indígena é homenageado pela Fundação,4
Câmara Municipal aprova lei para proteger território indígena,4
Museu indígena inaugura exposição sobre a história da luta dos povos originários,4
Fórum discute educação básica para indígenas,4
Indígena é eleita presidente de associação indígena,4
Cultura indígena é tema de exposição na Biblioteca Nacional,4
Comunidade quilombola celebra aniversário com festival de música e dança,4
Mídia indígena é tema de workshop,4
Cultura indígena é celebrada em festival de gastronomia,4
Fórum discute saúde mental entre indígenas,4
Indígena é homenageado pela Assembleia Legislativa,4
Cultura indígena é tema de seminário na universidade,4
Museu indígena inaugura exposição sobre a arte dos povos originários,4
Festival de música indígena é realizado em parceria com empresa,4
Cultura indígena é celebrada em festival de teatro,4
Indígena é eleito líder de comissão especial,4
Cultura indígena é tema de exposição na Galeria de Arte,4
Comunidade quilombola inaugura centro de ensino,4
Fórum discute direitos humanos entre indígenas e não-indígenas,4
Indígena é homenageado pela sociedade civil,4
Cultura indígena é celebrada em festival de literatura,4
Festival de cinema indígena é realizado em parceria com empresa,4
Cultura indígena é tema de seminário no Congresso Nacional,4
Indígena é eleita presidente da associação indígena,4
Cultura indígena é celebrada em festival de artes plásticas,4
Comunidade quilombola inaugura centro de saúde,4
Fórum discute educação superior para indígenas,4
Indígena é homenageado pela Assembleia Legislativa,4
Cultura indígena é tema de exposição na Biblioteca Pública,4
Museu indígena inaugura exposição sobre a história dos povos originários,4
Festival de música indígena chega à capital,4
Cultura indígena é celebrada em festival de dança,4
Indígena é eleito líder de comissão especial,4
Cultura indígena é tema de seminário na universidade,4
Fórum discute direitos humanos entre indígenas,4
Indígena é homenageado pela sociedade civil,4
Cultura indígena é celebrada em festival de literatura,4
Festival de cinema indígena é realizado em parceria com empresa,4
Cultura indígena é tema de seminário no Congresso Nacional,4
Indígena é eleita presidente da associação indígena,4
Cultura indígena é celebrada em festival de artes visuais,4
Comunidade quilombola inaugura centro de ensino,4
Fórum discute educação básica para indígenas,4
Indígena é homenageado pela Assembleia Legislativa,4
Cultura indígena é tema de exposição na Biblioteca Pública,4
Museu indígena inaugura exposição sobre a arte dos povos originários,4
Festival de música indígena chega à capital,4
Cultura indígena é celebrada em festival de gastronomia,4
Indígena é eleito líder de comissão especial,4
Cultura indígena é tema de seminário na universidade,4
Fórum discute direitos humanos entre indígenas e não-indígenas,4
Indígena é homenageado pela sociedade civil,4
Cultura indígena é celebrada em festival de literatura,4
Festival de cinema indígena é realizado em parceria com empresa,4
Cultura indígena é tema de seminário no Congresso Nacional,4
Indígena é eleita presidente da associação indígena,4
Cultura indígena é celebrada em festival de artes plásticas,4
Comunidade quilombola inaugura centro de saúde,4
Fórum discute educação superior para indígenas,4
